--choice stream table
INSERT INTO `careergudiance`.`choice_stream` (`choice_id`, `stream`) VALUES ('11', 'Artificial Intelligence');
INSERT INTO `careergudiance`.`choice_stream` (`choice_id`, `stream`) VALUES ('12', 'Game Design');
INSERT INTO `careergudiance`.`choice_stream` (`choice_id`, `stream`) VALUES ('13', 'Information Security');
INSERT INTO `careergudiance`.`choice_stream` (`choice_id`, `stream`) VALUES ('14', 'Data Science');
INSERT INTO `careergudiance`.`choice_stream` (`choice_id`, `stream`) VALUES ('15', 'Graphic Designing');
INSERT INTO `careergudiance`.`choice_stream` (`choice_id`, `stream`) VALUES ('21', 'Business Administration');
INSERT INTO `careergudiance`.`choice_stream` (`choice_id`, `stream`) VALUES ('22', 'Digital Marketing');
INSERT INTO `careergudiance`.`choice_stream` (`choice_id`, `stream`) VALUES ('23', 'Financial Analysis');
INSERT INTO `careergudiance`.`choice_stream` (`choice_id`, `stream`) VALUES ('31', 'Arts');
INSERT INTO `careergudiance`.`choice_stream` (`choice_id`, `stream`) VALUES ('32', 'Photography');
INSERT INTO `careergudiance`.`choice_stream` (`choice_id`, `stream`) VALUES ('33', 'Journalism');
INSERT INTO `careergudiance`.`choice_stream` (`choice_id`, `stream`) VALUES ('41', 'Architecture');
INSERT INTO `careergudiance`.`choice_stream` (`choice_id`, `stream`) VALUES ('42', 'Civil Engineering');
INSERT INTO `careergudiance`.`choice_stream` (`choice_id`, `stream`) VALUES ('51', 'Neuroscience');
INSERT INTO `careergudiance`.`choice_stream` (`choice_id`, `stream`) VALUES ('52', 'Medicine');
INSERT INTO `careergudiance`.`choice_stream` (`choice_id`, `stream`) VALUES ('53', 'Osteology');
INSERT INTO `careergudiance`.`choice_stream` (`choice_id`, `stream`) VALUES ('61', 'Sports');

--users
INSERT INTO `careergudiance`.`users` (`user_id`, `first_name`, `last_name`, `gender`, `dob`, `choice_id`) VALUES ('001', 'Aniket', 'Idnani', 'M', '2001-11-13', '11');
INSERT INTO `careergudiance`.`users` (`user_id`, `first_name`, `last_name`, `gender`, `dob`, `choice_id`) VALUES ('002', 'Ujjayant', 'Kadian', 'M', '2001-3-12', '15');
INSERT INTO `careergudiance`.`users` (`user_id`, `first_name`, `last_name`, `gender`, `dob`, `choice_id`) VALUES ('003', 'Navdeep', 'Singh', 'M', '1999-08-01', '14');
INSERT INTO `careergudiance`.`users` (`user_id`, `first_name`, `last_name`, `gender`, `dob`, `choice_id`) VALUES ('004', 'Krish', 'Mehta', 'M', '2002-07-29', '51');
INSERT INTO `careergudiance`.`users` (`user_id`, `first_name`, `last_name`, `gender`, `dob`, `choice_id`) VALUES ('005', 'Jane', 'Doe', 'F', '2001-10-10', '23');
INSERT INTO `careergudiance`.`users` (`user_id`, `first_name`, `last_name`, `gender`, `dob`, `choice_id`) VALUES ('006', 'Jenny', 'Kale', 'F', '1999-06-21', '33');

--user_phone
INSERT INTO `careergudiance`.`user_phone` (`user_id`, `phone_number`) VALUES ('1', '9999011131');
INSERT INTO `careergudiance`.`user_phone` (`user_id`, `phone_number`) VALUES ('1', '9999011132');
INSERT INTO `careergudiance`.`user_phone` (`user_id`, `phone_number`) VALUES ('2', '9999011110');
INSERT INTO `careergudiance`.`user_phone` (`user_id`, `phone_number`) VALUES ('3', '9999011991');
INSERT INTO `careergudiance`.`user_phone` (`user_id`, `phone_number`) VALUES ('4', '9999011117');
INSERT INTO `careergudiance`.`user_phone` (`user_id`, `phone_number`) VALUES ('5', '9999011118');
INSERT INTO `careergudiance`.`user_phone` (`user_id`, `phone_number`) VALUES ('6', '9999011999');

--User Qualification
INSERT INTO `careergudiance`.`user_qualification` (`user_id`, `qualification`) VALUES ('1', 'BE(COE)');
INSERT INTO `careergudiance`.`user_qualification` (`user_id`, `qualification`) VALUES ('2', 'Bsc(Math)');
INSERT INTO `careergudiance`.`user_qualification` (`user_id`, `qualification`) VALUES ('3', 'BBA(Business Administration)');
INSERT INTO `careergudiance`.`user_qualification` (`user_id`, `qualification`) VALUES ('3', 'MBA(Business Administration)');
INSERT INTO `careergudiance`.`user_qualification` (`user_id`, `qualification`) VALUES ('4', 'BA(English)');
INSERT INTO `careergudiance`.`user_qualification` (`user_id`, `qualification`) VALUES ('5', 'BBA(Business Administration)');
INSERT INTO `careergudiance`.`user_qualification` (`user_id`, `qualification`) VALUES ('6', 'BA(English)');

--Courses
INSERT INTO `careergudiance`.`courses` (`course_id`, `course_name`) VALUES ('01', 'DSA');
INSERT INTO `careergudiance`.`courses` (`course_id`, `course_name`) VALUES ('02', 'Machine Learning');
INSERT INTO `careergudiance`.`courses` (`course_id`, `course_name`) VALUES ('03', 'Deep Learning');
INSERT INTO `careergudiance`.`courses` (`course_id`, `course_name`) VALUES ('04', 'AI for Business');
INSERT INTO `careergudiance`.`courses` (`course_id`, `course_name`) VALUES ('05', 'Cyber Security');
INSERT INTO `careergudiance`.`courses` (`course_id`, `course_name`) VALUES ('21', 'C#');
INSERT INTO `careergudiance`.`courses` (`course_id`, `course_name`) VALUES ('22', 'Unity Game');
INSERT INTO `careergudiance`.`courses` (`course_id`, `course_name`) VALUES ('23', 'Photoshop');
INSERT INTO `careergudiance`.`courses` (`course_id`, `course_name`) VALUES ('24', 'Figma');
INSERT INTO `careergudiance`.`courses` (`course_id`, `course_name`) VALUES ('31', 'Business Law');
INSERT INTO `careergudiance`.`courses` (`course_id`, `course_name`) VALUES ('32', 'Business Analytics');
INSERT INTO `careergudiance`.`courses` (`course_id`, `course_name`) VALUES ('33', 'entrepreneurship');
INSERT INTO `careergudiance`.`courses` (`course_id`, `course_name`) VALUES ('34', 'Business Economics');
INSERT INTO `careergudiance`.`courses` (`course_id`, `course_name`) VALUES ('35', 'Principles of Management');
INSERT INTO `careergudiance`.`courses` (`course_id`, `course_name`) VALUES ('36', 'Digital Marketing');
INSERT INTO `careergudiance`.`courses` (`course_id`, `course_name`) VALUES ('41', 'Painting');
INSERT INTO `careergudiance`.`courses` (`course_id`, `course_name`) VALUES ('42', 'Photography');
INSERT INTO `careergudiance`.`courses` (`course_id`, `course_name`) VALUES ('43', 'Mass Communication');
INSERT INTO `careergudiance`.`courses` (`course_id`, `course_name`) VALUES ('44', 'Advance Advertising');
INSERT INTO `careergudiance`.`courses` (`course_id`, `course_name`) VALUES ('45', 'Advance Public Relation');
INSERT INTO `careergudiance`.`courses` (`course_id`, `course_name`) VALUES ('46', 'Design Theory');
INSERT INTO `careergudiance`.`courses` (`course_id`, `course_name`) VALUES ('47', 'Theory of Structures');
INSERT INTO `careergudiance`.`courses` (`course_id`, `course_name`) VALUES ('48', 'History of Architecture');
INSERT INTO `careergudiance`.`courses` (`course_id`, `course_name`) VALUES ('49', 'Structural Analysis');
INSERT INTO `careergudiance`.`courses` (`course_id`, `course_name`) VALUES ('50', 'Sports Medicine');
INSERT INTO `careergudiance`.`courses` (`course_id`, `course_name`) VALUES ('51', 'Sports Coaching');
INSERT INTO `careergudiance`.`courses` (`course_id`, `course_name`) VALUES ('52', 'Sports Management');
INSERT INTO `careergudiance`.`courses` (`course_id`, `course_name`) VALUES ('61', 'Neuroscience');
INSERT INTO `careergudiance`.`courses` (`course_id`, `course_name`) VALUES ('62', 'Medicine');
INSERT INTO `careergudiance`.`courses` (`course_id`, `course_name`) VALUES ('63', 'Osteology');

--choice course
INSERT INTO `careergudiance`.`choice_course` (`choice_id`, `course_id`) VALUES ('11', '01');
INSERT INTO `careergudiance`.`choice_course` (`choice_id`, `course_id`) VALUES ('11', '02');
INSERT INTO `careergudiance`.`choice_course` (`choice_id`, `course_id`) VALUES ('11', '03');
INSERT INTO `careergudiance`.`choice_course` (`choice_id`, `course_id`) VALUES ('11', '04');
INSERT INTO `careergudiance`.`choice_course` (`choice_id`, `course_id`) VALUES ('12', '21');
INSERT INTO `careergudiance`.`choice_course` (`choice_id`, `course_id`) VALUES ('12', '22');
INSERT INTO `careergudiance`.`choice_course` (`choice_id`, `course_id`) VALUES ('13', '05');
INSERT INTO `careergudiance`.`choice_course` (`choice_id`, `course_id`) VALUES ('14', '01');
INSERT INTO `careergudiance`.`choice_course` (`choice_id`, `course_id`) VALUES ('14', '02');
INSERT INTO `careergudiance`.`choice_course` (`choice_id`, `course_id`) VALUES ('14', '03');
INSERT INTO `careergudiance`.`choice_course` (`choice_id`, `course_id`) VALUES ('15', '23');
INSERT INTO `careergudiance`.`choice_course` (`choice_id`, `course_id`) VALUES ('15', '24');
INSERT INTO `careergudiance`.`choice_course` (`choice_id`, `course_id`) VALUES ('21', '31');
INSERT INTO `careergudiance`.`choice_course` (`choice_id`, `course_id`) VALUES ('21', '32');
INSERT INTO `careergudiance`.`choice_course` (`choice_id`, `course_id`) VALUES ('21', '33');
INSERT INTO `careergudiance`.`choice_course` (`choice_id`, `course_id`) VALUES ('21', '34');
INSERT INTO `careergudiance`.`choice_course` (`choice_id`, `course_id`) VALUES ('21', '35');
INSERT INTO `careergudiance`.`choice_course` (`choice_id`, `course_id`) VALUES ('22', '31');
INSERT INTO `careergudiance`.`choice_course` (`choice_id`, `course_id`) VALUES ('22', '32');
INSERT INTO `careergudiance`.`choice_course` (`choice_id`, `course_id`) VALUES ('22', '36');
INSERT INTO `careergudiance`.`choice_course` (`choice_id`, `course_id`) VALUES ('23', '31');
INSERT INTO `careergudiance`.`choice_course` (`choice_id`, `course_id`) VALUES ('23', '32');
INSERT INTO `careergudiance`.`choice_course` (`choice_id`, `course_id`) VALUES ('23', '33');
INSERT INTO `careergudiance`.`choice_course` (`choice_id`, `course_id`) VALUES ('23', '34');
INSERT INTO `careergudiance`.`choice_course` (`choice_id`, `course_id`) VALUES ('31', '41');
INSERT INTO `careergudiance`.`choice_course` (`choice_id`, `course_id`) VALUES ('31', '23');
INSERT INTO `careergudiance`.`choice_course` (`choice_id`, `course_id`) VALUES ('32', '42');
INSERT INTO `careergudiance`.`choice_course` (`choice_id`, `course_id`) VALUES ('32', '23');
INSERT INTO `careergudiance`.`choice_course` (`choice_id`, `course_id`) VALUES ('33', '43');
INSERT INTO `careergudiance`.`choice_course` (`choice_id`, `course_id`) VALUES ('33', '44');
INSERT INTO `careergudiance`.`choice_course` (`choice_id`, `course_id`) VALUES ('33', '45');
INSERT INTO `careergudiance`.`choice_course` (`choice_id`, `course_id`) VALUES ('41', '46');
INSERT INTO `careergudiance`.`choice_course` (`choice_id`, `course_id`) VALUES ('41', '47');
INSERT INTO `careergudiance`.`choice_course` (`choice_id`, `course_id`) VALUES ('41', '48');
INSERT INTO `careergudiance`.`choice_course` (`choice_id`, `course_id`) VALUES ('42', '47');
INSERT INTO `careergudiance`.`choice_course` (`choice_id`, `course_id`) VALUES ('42', '49');
INSERT INTO `careergudiance`.`choice_course` (`choice_id`, `course_id`) VALUES ('51', '61');
INSERT INTO `careergudiance`.`choice_course` (`choice_id`, `course_id`) VALUES ('52', '62');
INSERT INTO `careergudiance`.`choice_course` (`choice_id`, `course_id`) VALUES ('53', '63');
INSERT INTO `careergudiance`.`choice_course` (`choice_id`, `course_id`) VALUES ('61', '50');
INSERT INTO `careergudiance`.`choice_course` (`choice_id`, `course_id`) VALUES ('61', '51');
INSERT INTO `careergudiance`.`choice_course` (`choice_id`, `course_id`) VALUES ('61', '52');

--course details
INSERT INTO `careergudiance`.`course_details` (`course_id`, `course_duration(in hours)`, `course_fee`) VALUES ('01', '40', '10000');
INSERT INTO `careergudiance`.`course_details` (`course_id`, `course_duration(in hours)`, `course_fee`) VALUES ('02', '38', '20000');
INSERT INTO `careergudiance`.`course_details` (`course_id`, `course_duration(in hours)`, `course_fee`) VALUES ('03', '30', '10000');
INSERT INTO `careergudiance`.`course_details` (`course_id`, `course_duration(in hours)`, `course_fee`) VALUES ('04', '20', '5000');
INSERT INTO `careergudiance`.`course_details` (`course_id`, `course_duration(in hours)`, `course_fee`) VALUES ('05', '40', '20000');
INSERT INTO `careergudiance`.`course_details` (`course_id`, `course_duration(in hours)`, `course_fee`) VALUES ('21', '20', '10000');
INSERT INTO `careergudiance`.`course_details` (`course_id`, `course_duration(in hours)`, `course_fee`) VALUES ('22', '40', '10000');
INSERT INTO `careergudiance`.`course_details` (`course_id`, `course_duration(in hours)`, `course_fee`) VALUES ('23', '15', '5000');
INSERT INTO `careergudiance`.`course_details` (`course_id`, `course_duration(in hours)`, `course_fee`) VALUES ('24', '30', '10000');
INSERT INTO `careergudiance`.`course_details` (`course_id`, `course_duration(in hours)`, `course_fee`) VALUES ('31', '30', '10000');
INSERT INTO `careergudiance`.`course_details` (`course_id`, `course_duration(in hours)`, `course_fee`) VALUES ('32', '20', '5000');
INSERT INTO `careergudiance`.`course_details` (`course_id`, `course_duration(in hours)`, `course_fee`) VALUES ('33', '30', '10000');
INSERT INTO `careergudiance`.`course_details` (`course_id`, `course_duration(in hours)`, `course_fee`) VALUES ('34', '30', '10000');
INSERT INTO `careergudiance`.`course_details` (`course_id`, `course_duration(in hours)`, `course_fee`) VALUES ('35', '15', '10000');
INSERT INTO `careergudiance`.`course_details` (`course_id`, `course_duration(in hours)`, `course_fee`) VALUES ('36', '40', '30000');
INSERT INTO `careergudiance`.`course_details` (`course_id`, `course_duration(in hours)`, `course_fee`) VALUES ('41', '20', '1000');
INSERT INTO `careergudiance`.`course_details` (`course_id`, `course_duration(in hours)`, `course_fee`) VALUES ('42', '15', '2000');
INSERT INTO `careergudiance`.`course_details` (`course_id`, `course_duration(in hours)`, `course_fee`) VALUES ('43', '40', '30000');
INSERT INTO `careergudiance`.`course_details` (`course_id`, `course_duration(in hours)`, `course_fee`) VALUES ('44', '15', '10000');
INSERT INTO `careergudiance`.`course_details` (`course_id`, `course_duration(in hours)`, `course_fee`) VALUES ('45', '15', '10000');
INSERT INTO `careergudiance`.`course_details` (`course_id`, `course_duration(in hours)`, `course_fee`) VALUES ('46', '20', '10000');
INSERT INTO `careergudiance`.`course_details` (`course_id`, `course_duration(in hours)`, `course_fee`) VALUES ('47', '20', '10000');
INSERT INTO `careergudiance`.`course_details` (`course_id`, `course_duration(in hours)`, `course_fee`) VALUES ('48', '8', '500');
INSERT INTO `careergudiance`.`course_details` (`course_id`, `course_duration(in hours)`, `course_fee`) VALUES ('49', '15', '1000');
INSERT INTO `careergudiance`.`course_details` (`course_id`, `course_duration(in hours)`, `course_fee`) VALUES ('50', '10', '1000');
INSERT INTO `careergudiance`.`course_details` (`course_id`, `course_duration(in hours)`, `course_fee`) VALUES ('51', '10', '1000');
INSERT INTO `careergudiance`.`course_details` (`course_id`, `course_duration(in hours)`, `course_fee`) VALUES ('52', '10', '1000');
INSERT INTO `careergudiance`.`course_details` (`course_id`, `course_duration(in hours)`, `course_fee`) VALUES ('61', '100', '200000');
INSERT INTO `careergudiance`.`course_details` (`course_id`, `course_duration(in hours)`, `course_fee`) VALUES ('62', '100', '200000');
INSERT INTO `careergudiance`.`course_details` (`course_id`, `course_duration(in hours)`, `course_fee`) VALUES ('63', '100', '200000');

--course institution
INSERT INTO `careergudiance`.`course_institution` (`course_id`, `institution`) VALUES ('01', 'Thapar');
INSERT INTO `careergudiance`.`course_institution` (`course_id`, `institution`) VALUES ('02', 'Thapar');
INSERT INTO `careergudiance`.`course_institution` (`course_id`, `institution`) VALUES ('03', 'Thapar');
INSERT INTO `careergudiance`.`course_institution` (`course_id`, `institution`) VALUES ('04', 'Thapar');
INSERT INTO `careergudiance`.`course_institution` (`course_id`, `institution`) VALUES ('05', 'Udemy');
INSERT INTO `careergudiance`.`course_institution` (`course_id`, `institution`) VALUES ('21', 'Thapar');
INSERT INTO `careergudiance`.`course_institution` (`course_id`, `institution`) VALUES ('22', 'Thapar');
INSERT INTO `careergudiance`.`course_institution` (`course_id`, `institution`) VALUES ('23', 'Udemy');
INSERT INTO `careergudiance`.`course_institution` (`course_id`, `institution`) VALUES ('24', 'Udemy');
INSERT INTO `careergudiance`.`course_institution` (`course_id`, `institution`) VALUES ('31', 'Harvard Online School');
INSERT INTO `careergudiance`.`course_institution` (`course_id`, `institution`) VALUES ('32', 'Harvard Online School');
INSERT INTO `careergudiance`.`course_institution` (`course_id`, `institution`) VALUES ('33', 'Harvard Online School');
INSERT INTO `careergudiance`.`course_institution` (`course_id`, `institution`) VALUES ('34', 'Harvard Online School');
INSERT INTO `careergudiance`.`course_institution` (`course_id`, `institution`) VALUES ('35', 'Harvard Online School');
INSERT INTO `careergudiance`.`course_institution` (`course_id`, `institution`) VALUES ('36', 'Harvard Online School');
INSERT INTO `careergudiance`.`course_institution` (`course_id`, `institution`) VALUES ('41', 'Hindu College');
INSERT INTO `careergudiance`.`course_institution` (`course_id`, `institution`) VALUES ('42', 'Hindu College');
INSERT INTO `careergudiance`.`course_institution` (`course_id`, `institution`) VALUES ('43', 'Hindu College');
INSERT INTO `careergudiance`.`course_institution` (`course_id`, `institution`) VALUES ('44', 'Hindu College');
INSERT INTO `careergudiance`.`course_institution` (`course_id`, `institution`) VALUES ('45', 'Hindu College');
INSERT INTO `careergudiance`.`course_institution` (`course_id`, `institution`) VALUES ('46', 'Hindu College');
INSERT INTO `careergudiance`.`course_institution` (`course_id`, `institution`) VALUES ('47', 'Thapar');
INSERT INTO `careergudiance`.`course_institution` (`course_id`, `institution`) VALUES ('48', 'Thapar');
INSERT INTO `careergudiance`.`course_institution` (`course_id`, `institution`) VALUES ('49', 'Thapar');
INSERT INTO `careergudiance`.`course_institution` (`course_id`, `institution`) VALUES ('50', 'Hansraj');
INSERT INTO `careergudiance`.`course_institution` (`course_id`, `institution`) VALUES ('51', 'Hansraj');
INSERT INTO `careergudiance`.`course_institution` (`course_id`, `institution`) VALUES ('52', 'Hansraj');
INSERT INTO `careergudiance`.`course_institution` (`course_id`, `institution`) VALUES ('61', 'Madras Medical College');
INSERT INTO `careergudiance`.`course_institution` (`course_id`, `institution`) VALUES ('62', 'Madras Medical College');
INSERT INTO `careergudiance`.`course_institution` (`course_id`, `institution`) VALUES ('63', 'Madras Medical College');

--Careers
INSERT INTO `careergudiance`.`careers` (`career_id`, `career_name`) VALUES ('01', 'Data Scientist');
INSERT INTO `careergudiance`.`careers` (`career_id`, `career_name`) VALUES ('02', 'AI Engineer');
INSERT INTO `careergudiance`.`careers` (`career_id`, `career_name`) VALUES ('03', 'SDE');
INSERT INTO `careergudiance`.`careers` (`career_id`, `career_name`) VALUES ('04', 'Game Designer');
INSERT INTO `careergudiance`.`careers` (`career_id`, `career_name`) VALUES ('05', 'Cyber Security Analyst');
INSERT INTO `careergudiance`.`careers` (`career_id`, `career_name`) VALUES ('06', 'Graphic Designer');
INSERT INTO `careergudiance`.`careers` (`career_id`, `career_name`) VALUES ('11', 'Marketing Manager');
INSERT INTO `careergudiance`.`careers` (`career_id`, `career_name`) VALUES ('12', 'Financial Manager');
INSERT INTO `careergudiance`.`careers` (`career_id`, `career_name`) VALUES ('13', 'Sales Manager');
INSERT INTO `careergudiance`.`careers` (`career_id`, `career_name`) VALUES ('14', 'Personal Financial Advisor');
INSERT INTO `careergudiance`.`careers` (`career_id`, `career_name`) VALUES ('15', 'Management Analysis');
INSERT INTO `careergudiance`.`careers` (`career_id`, `career_name`) VALUES ('16', 'Investment Banker');
INSERT INTO `careergudiance`.`careers` (`career_id`, `career_name`) VALUES ('17', 'Digital Marketing Executive');
INSERT INTO `careergudiance`.`careers` (`career_id`, `career_name`) VALUES ('18', 'Social Media Manager');
INSERT INTO `careergudiance`.`careers` (`career_id`, `career_name`) VALUES ('21', 'Painter');
INSERT INTO `careergudiance`.`careers` (`career_id`, `career_name`) VALUES ('22', 'Photographer');
INSERT INTO `careergudiance`.`careers` (`career_id`, `career_name`) VALUES ('23', 'Journalist');
INSERT INTO `careergudiance`.`careers` (`career_id`, `career_name`) VALUES ('24', 'Sports Teacher');
INSERT INTO `careergudiance`.`careers` (`career_id`, `career_name`) VALUES ('31', 'Architect');
INSERT INTO `careergudiance`.`careers` (`career_id`, `career_name`) VALUES ('32', 'Civil Engineer');
INSERT INTO `careergudiance`.`careers` (`career_id`, `career_name`) VALUES ('41', 'Neurosurgeon');
INSERT INTO `careergudiance`.`careers` (`career_id`, `career_name`) VALUES ('42', 'Physician');
INSERT INTO `careergudiance`.`careers` (`career_id`, `career_name`) VALUES ('43', 'Osteologist');

--choice _career
INSERT INTO `careergudiance`.`choice_career` (`choice_id`, `career_id`) VALUES ('11', '01');
INSERT INTO `careergudiance`.`choice_career` (`choice_id`, `career_id`) VALUES ('11', '02');
INSERT INTO `careergudiance`.`choice_career` (`choice_id`, `career_id`) VALUES ('11', '03');
INSERT INTO `careergudiance`.`choice_career` (`choice_id`, `career_id`) VALUES ('12', '04');
INSERT INTO `careergudiance`.`choice_career` (`choice_id`, `career_id`) VALUES ('13', '05');
INSERT INTO `careergudiance`.`choice_career` (`choice_id`, `career_id`) VALUES ('14', '01');
INSERT INTO `careergudiance`.`choice_career` (`choice_id`, `career_id`) VALUES ('14', '03');
INSERT INTO `careergudiance`.`choice_career` (`choice_id`, `career_id`) VALUES ('15', '06');
INSERT INTO `careergudiance`.`choice_career` (`choice_id`, `career_id`) VALUES ('21', '11');
INSERT INTO `careergudiance`.`choice_career` (`choice_id`, `career_id`) VALUES ('21', '13');
INSERT INTO `careergudiance`.`choice_career` (`choice_id`, `career_id`) VALUES ('21', '15');
INSERT INTO `careergudiance`.`choice_career` (`choice_id`, `career_id`) VALUES ('22', '17');
INSERT INTO `careergudiance`.`choice_career` (`choice_id`, `career_id`) VALUES ('22', '18');
INSERT INTO `careergudiance`.`choice_career` (`choice_id`, `career_id`) VALUES ('23', '12');
INSERT INTO `careergudiance`.`choice_career` (`choice_id`, `career_id`) VALUES ('23', '13');
INSERT INTO `careergudiance`.`choice_career` (`choice_id`, `career_id`) VALUES ('23', '14');
INSERT INTO `careergudiance`.`choice_career` (`choice_id`, `career_id`) VALUES ('23', '15');
INSERT INTO `careergudiance`.`choice_career` (`choice_id`, `career_id`) VALUES ('23', '16');
INSERT INTO `careergudiance`.`choice_career` (`choice_id`, `career_id`) VALUES ('23', '11');
INSERT INTO `careergudiance`.`choice_career` (`choice_id`, `career_id`) VALUES ('31', '21');
INSERT INTO `careergudiance`.`choice_career` (`choice_id`, `career_id`) VALUES ('32', '22');
INSERT INTO `careergudiance`.`choice_career` (`choice_id`, `career_id`) VALUES ('33', '23');
INSERT INTO `careergudiance`.`choice_career` (`choice_id`, `career_id`) VALUES ('41', '31');
INSERT INTO `careergudiance`.`choice_career` (`choice_id`, `career_id`) VALUES ('42', '32');
INSERT INTO `careergudiance`.`choice_career` (`choice_id`, `career_id`) VALUES ('51', '41');
INSERT INTO `careergudiance`.`choice_career` (`choice_id`, `career_id`) VALUES ('52', '42');
INSERT INTO `careergudiance`.`choice_career` (`choice_id`, `career_id`) VALUES ('53', '43');
INSERT INTO `careergudiance`.`choice_career` (`choice_id`, `career_id`) VALUES ('61', '24');

--career_details
INSERT INTO `careergudiance`.`career_details` (`career_id`, `company`, `average_pay`) VALUES ('01', 'Google', '100000');
INSERT INTO `careergudiance`.`career_details` (`career_id`, `company`, `average_pay`) VALUES ('01', 'Facebook', '100000');
INSERT INTO `careergudiance`.`career_details` (`career_id`, `company`, `average_pay`) VALUES ('02', 'Google', '100000');
INSERT INTO `careergudiance`.`career_details` (`career_id`, `company`, `average_pay`) VALUES ('03', 'Amazon', '100000');
INSERT INTO `careergudiance`.`career_details` (`career_id`, `company`, `average_pay`) VALUES ('04', 'Unity', '50000');
INSERT INTO `careergudiance`.`career_details` (`career_id`, `company`, `average_pay`) VALUES ('06', 'Adobe', '100000');
INSERT INTO `careergudiance`.`career_details` (`career_id`, `company`, `average_pay`) VALUES ('05', 'Norton', '100000');
INSERT INTO `careergudiance`.`career_details` (`career_id`, `company`, `average_pay`) VALUES ('11', 'Infosys', '100000');
INSERT INTO `careergudiance`.`career_details` (`career_id`, `company`, `average_pay`) VALUES ('11', 'Wipro', '100000');
INSERT INTO `careergudiance`.`career_details` (`career_id`, `company`, `average_pay`) VALUES ('12', 'Infosys', '100000');
INSERT INTO `careergudiance`.`career_details` (`career_id`, `company`, `average_pay`) VALUES ('13', 'Wipro', '100000');
INSERT INTO `careergudiance`.`career_details` (`career_id`, `company`, `average_pay`) VALUES ('14', 'Infosys', '100000');
INSERT INTO `careergudiance`.`career_details` (`career_id`, `company`, `average_pay`) VALUES ('15', 'Infosys', '100000');
INSERT INTO `careergudiance`.`career_details` (`career_id`, `company`, `average_pay`) VALUES ('16', 'Wipro', '100000');
INSERT INTO `careergudiance`.`career_details` (`career_id`, `company`, `average_pay`) VALUES ('17', 'Cognizant', '100000');
INSERT INTO `careergudiance`.`career_details` (`career_id`, `company`, `average_pay`) VALUES ('18', 'Cognizant', '100000');
INSERT INTO `careergudiance`.`career_details` (`career_id`, `company`, `average_pay`) VALUES ('21', 'Hindu College', '2000');
INSERT INTO `careergudiance`.`career_details` (`career_id`, `company`, `average_pay`) VALUES ('22', 'National Geographic', '10000');
INSERT INTO `careergudiance`.`career_details` (`career_id`, `company`, `average_pay`) VALUES ('23', 'CNN', '100000');
INSERT INTO `careergudiance`.`career_details` (`career_id`, `company`, `average_pay`) VALUES ('24', 'Heritage School', '2000');
INSERT INTO `careergudiance`.`career_details` (`career_id`, `company`, `average_pay`) VALUES ('31', 'Oscar and Ponni', '100000');
INSERT INTO `careergudiance`.`career_details` (`career_id`, `company`, `average_pay`) VALUES ('32', 'Reliance Infastructure', '50000');
INSERT INTO `careergudiance`.`career_details` (`career_id`, `company`, `average_pay`) VALUES ('41', 'AIIMS', '100000');
INSERT INTO `careergudiance`.`career_details` (`career_id`, `company`, `average_pay`) VALUES ('42', 'AIIMS', '100000');
INSERT INTO `careergudiance`.`career_details` (`career_id`, `company`, `average_pay`) VALUES ('43', 'AIIMS', '100000');
